{"version":1,"index":0,"parentId":"A7C1CFCE-0D04-4AF2-9201-315C3E653EC0","color":{"r":0.97254901960784312,"b":0.035294117647058823,"g":0.20392156862745098,"a":1}}