{"version":1,"index":1,"parentId":"A7C1CFCE-0D04-4AF2-9201-315C3E653EC0","color":{"r":0.098039215686274508,"b":0.098039215686274508,"g":0.098039215686274508,"a":1}}