{"version":1,"index":4,"parentId":"A7C1CFCE-0D04-4AF2-9201-315C3E653EC0","color":{"r":0.27450980392156865,"b":0.59999999999999998,"g":0.70980392156862748,"a":1}}