{"version":1,"index":3,"parentId":"A7C1CFCE-0D04-4AF2-9201-315C3E653EC0","color":{"r":0.89803921568627454,"b":0.89803921568627454,"g":0.89803921568627454,"a":1}}