{"version":1,"index":2,"parentId":"A7C1CFCE-0D04-4AF2-9201-315C3E653EC0","color":{"r":0.22352941176470589,"b":0.22352941176470589,"g":0.22352941176470589,"a":1}}